{
   "samples":[
       {"date":"10-13-2017",
       "time":"12am",
       "swell":"flat",
       "primaryswellHeight":"0.7",
       "primarysDuration":"4s",
       "primaryswellDirection":"143",
       "primaryswellDirectionAbv":"SE",
       "windSpeed":"25",
       "windDirection":"15",
       "windDirectionAbv":"NNE",
       "weather":"Clear",
       "id":0,
       "temp":"81"
       }
	   , 
	   {"date":"10-13-2017",
       "time":"2am",
       "swell":"flat",
       "primaryswellHeight":"0.8",
       "primarysDuration":"4s",
       "primaryswellDirection":"143",
       "primaryswellDirectionAbv":"SE",
       "windSpeed":"15",
       "windDirection":"15",
       "windDirectionAbv":"NNE",
       "weather":"Clear",
       "id":1,
       "temp":"81"}
	   ,
	   {"date":"10-13-2017",
       "time":"4am",
       "swell":"flat",
       "primaryswellHeight":"0.6",
       "primarysDuration":"4s",
       "primaryswellDirection":"143",
       "primaryswellDirectionAbv":"SE",
       "windSpeed":"5",
       "windDirection":"15",
       "windDirectionAbv":"NNE",
       "weather":"Clear",
       "id":2,
       "temp":"81"}
	   ,
	   {"date":"10-13-2017",
       "time":"6am",
       "swell":"flat",
       "primaryswellHeight":"1.3",
       "primarysDuration":"4s",
       "primaryswellDirection":"143",
       "primaryswellDirectionAbv":"SE",
       "windSpeed":"5",
       "windDirection":"15",
       "windDirectionAbv":"NNE",
       "weather":"Clear",
       "id":3,
       "temp":"81"}
	   ,
	   {"date":"10-13-2017",
       "time":"8am",
       "swell":"flat",
       "primaryswellHeight":"1.3",
       "primarysDuration":"4s",
       "primaryswellDirection":"143",
       "primaryswellDirectionAbv":"SE",
       "windSpeed":"5",
       "windDirection":"15",
       "windDirectionAbv":"NNE",
       "weather":"Clear",
       "id":4,
       "temp":"81"}
	   ,
	   {"date":"10-13-2017",
       "time":"10am",
       "swell":"flat",
       "primaryswellHeight":"1.6",
       "primarysDuration":"4s",
       "primaryswellDirection":"143",
       "primaryswellDirectionAbv":"SE",
       "windSpeed":"5",
       "windDirection":"15",
       "windDirectionAbv":"NNE",
       "weather":"Clear",
       "id":5,
       "temp":"81"}
	   ,
	   {"date":"10-13-2017",
       "time":"12pm",
       "swell":"flat",
       "primaryswellHeight":"2.5",
       "primarysDuration":"4s",
       "primaryswellDirection":"143",
       "primaryswellDirectionAbv":"SE",
       "windSpeed":"5",
       "windDirection":"15",
       "windDirectionAbv":"NNE",
       "weather":"Clear",
       "id":6,
       "temp":"81"}
	   ,
	   {"date":"10-13-2017",
       "time":"2pm",
       "swell":"flat",
       "primaryswellHeight":"3",
       "primarysDuration":"4s",
       "primaryswellDirection":"143",
       "primaryswellDirectionAbv":"SE",
       "windSpeed":"15",
       "windDirection":"15",
       "windDirectionAbv":"NNE",
       "weather":"Clear",
       "id":7,
       "temp":"81"}
	   ,
	   {"date":"10-13-2017",
       "time":"4pm",
       "swell":"flat",
       "primaryswellHeight":"2.5",
       "primarysDuration":"4s",
       "primaryswellDirection":"143",
       "primaryswellDirectionAbv":"SE",
       "windSpeed":"5",
       "windDirection":"15",
       "windDirectionAbv":"NNE",
       "weather":"Clear",
       "id":8,
       "temp":"81"}
	   ,
	   {"date":"10-13-2017",
       "time":"6pm",
       "swell":"flat",
       "primaryswellHeight":"2.5",
       "primarysDuration":"4s",
       "primaryswellDirection":"143",
       "primaryswellDirectionAbv":"SE",
       "windSpeed":"5",
       "windDirection":"15",
       "windDirectionAbv":"NNE",
       "weather":"Clear",
       "id":9,
       "temp":"81"}
	   ,
	   {"date":"10-13-2017",
       "time":"8pm",
       "swell":"flat",
       "primaryswellHeight":"2.4",
       "primarysDuration":"4s",
       "primaryswellDirection":"143",
       "primaryswellDirectionAbv":"SE",
       "windSpeed":"5",
       "windDirection":"15",
       "windDirectionAbv":"NNE",
       "weather":"Clear",
       "id":10,
       "temp":"81"}
	   ,
	   {"date":"10-13-2017",
       "time":"10pm",
       "swell":"flat",
       "primaryswellHeight":"2.4",
       "primarysDuration":"4s",
       "primaryswellDirection":"143",
       "primaryswellDirectionAbv":"SE",
       "windSpeed":"5",
       "windDirection":"15",
       "windDirectionAbv":"NNE",
       "weather":"Clear",
       "id":11,
       "temp":"81"}
   ]
}