{"changed":false,"filter":false,"title":"PCB.json","tooltip":"/PCB.json","undoManager":{"mark":0,"position":0,"stack":[[{"start":{"row":0,"column":0},"end":{"row":15,"column":1},"action":"insert","lines":["{","   \"samples\":[","       {\"data\":\"10-13-2017\",","       \"time\":\"12am\",","       \"swell\":\"flat\",","       \"primaryswellHeight\":\".7ft\",","       \"primarysDuration\":\"4s\",","       \"primaryswellDirection\":\"143\",","       \"primaryswellDirectionAbv\":\"SE\",","       \"windSpeed\":\"5\",","       \"windDirection\":\"15\",","       \"windDirectionAbv\":\"NNE\",","       \"weather\":\"Clear\",","       \"temp\":\"81\"}","   ]","}"],"id":1}]]},"ace":{"folds":[],"scrolltop":0,"scrollleft":0,"selection":{"start":{"row":8,"column":32},"end":{"row":8,"column":32},"isBackwards":false},"options":{"guessTabSize":true,"useWrapMode":false,"wrapToView":true},"firstLineState":0},"timestamp":1507925476003}