{"filter":false,"title":"surfspots.json","tooltip":"/surfspots.json","undoManager":{"mark":52,"position":52,"stack":[[{"start":{"row":13,"column":18},"end":{"row":13,"column":19},"action":"insert","lines":[","],"id":2}],[{"start":{"row":13,"column":19},"end":{"row":15,"column":7},"action":"insert","lines":["","           ","       "],"id":3}],[{"start":{"row":14,"column":10},"end":{"row":14,"column":11},"action":"remove","lines":[" "],"id":4}],[{"start":{"row":14,"column":9},"end":{"row":14,"column":10},"action":"remove","lines":[" "],"id":5}],[{"start":{"row":14,"column":8},"end":{"row":14,"column":9},"action":"remove","lines":[" "],"id":6}],[{"start":{"row":14,"column":8},"end":{"row":14,"column":10},"action":"insert","lines":["\"\""],"id":7}],[{"start":{"row":14,"column":4},"end":{"row":14,"column":8},"action":"remove","lines":["    "],"id":8}],[{"start":{"row":14,"column":4},"end":{"row":14,"column":8},"action":"insert","lines":["    "],"id":9}],[{"start":{"row":14,"column":4},"end":{"row":14,"column":8},"action":"remove","lines":["    "],"id":10}],[{"start":{"row":14,"column":4},"end":{"row":14,"column":8},"action":"insert","lines":["    "],"id":11}],[{"start":{"row":14,"column":9},"end":{"row":14,"column":10},"action":"insert","lines":["i"],"id":12}],[{"start":{"row":14,"column":10},"end":{"row":14,"column":11},"action":"insert","lines":["d"],"id":13}],[{"start":{"row":14,"column":12},"end":{"row":14,"column":13},"action":"insert","lines":[":"],"id":14}],[{"start":{"row":14,"column":13},"end":{"row":14,"column":14},"action":"insert","lines":["1"],"id":15}],[{"start":{"row":15,"column":6},"end":{"row":15,"column":7},"action":"remove","lines":[" "],"id":16}],[{"start":{"row":15,"column":5},"end":{"row":15,"column":6},"action":"remove","lines":[" "],"id":17}],[{"start":{"row":15,"column":4},"end":{"row":15,"column":5},"action":"remove","lines":[" "],"id":18}],[{"start":{"row":15,"column":0},"end":{"row":15,"column":4},"action":"remove","lines":["    "],"id":19}],[{"start":{"row":14,"column":14},"end":{"row":15,"column":0},"action":"remove","lines":["",""],"id":20}],[{"start":{"row":26,"column":18},"end":{"row":26,"column":19},"action":"insert","lines":[","],"id":21}],[{"start":{"row":26,"column":19},"end":{"row":28,"column":7},"action":"insert","lines":["","           ","       "],"id":22}],[{"start":{"row":27,"column":11},"end":{"row":27,"column":17},"action":"insert","lines":["\"id\":1"],"id":23}],[{"start":{"row":27,"column":10},"end":{"row":27,"column":11},"action":"remove","lines":[" "],"id":24}],[{"start":{"row":27,"column":9},"end":{"row":27,"column":10},"action":"remove","lines":[" "],"id":25}],[{"start":{"row":27,"column":8},"end":{"row":27,"column":9},"action":"remove","lines":[" "],"id":26}],[{"start":{"row":27,"column":4},"end":{"row":27,"column":8},"action":"remove","lines":["    "],"id":27}],[{"start":{"row":27,"column":4},"end":{"row":27,"column":5},"action":"insert","lines":[" "],"id":28}],[{"start":{"row":27,"column":5},"end":{"row":27,"column":6},"action":"insert","lines":[" "],"id":29}],[{"start":{"row":27,"column":6},"end":{"row":27,"column":7},"action":"insert","lines":[" "],"id":30}],[{"start":{"row":27,"column":12},"end":{"row":27,"column":13},"action":"remove","lines":["1"],"id":31}],[{"start":{"row":27,"column":12},"end":{"row":27,"column":13},"action":"insert","lines":["2"],"id":32}],[{"start":{"row":40,"column":18},"end":{"row":40,"column":19},"action":"insert","lines":[","],"id":33}],[{"start":{"row":40,"column":19},"end":{"row":42,"column":7},"action":"insert","lines":["","           ","       "],"id":34}],[{"start":{"row":41,"column":8},"end":{"row":41,"column":10},"action":"insert","lines":["\"\""],"id":35}],[{"start":{"row":41,"column":9},"end":{"row":41,"column":10},"action":"insert","lines":["i"],"id":36}],[{"start":{"row":41,"column":10},"end":{"row":41,"column":11},"action":"insert","lines":["d"],"id":37}],[{"start":{"row":41,"column":12},"end":{"row":41,"column":13},"action":"insert","lines":[":"],"id":38}],[{"start":{"row":41,"column":13},"end":{"row":41,"column":14},"action":"insert","lines":["3"],"id":39}],[{"start":{"row":32,"column":29},"end":{"row":32,"column":30},"action":"remove","lines":["2"],"id":40},{"start":{"row":32,"column":29},"end":{"row":32,"column":30},"action":"insert","lines":["8"]}],[{"start":{"row":0,"column":0},"end":{"row":44,"column":1},"action":"remove","lines":["{","   \"samples\":[","       {\"date\":\"10-13-2017\",","       \"time\":\"12am\",","       \"swell\":\"flat\",","       \"primaryswellHeight\":\".7\",","       \"primarysDuration\":\"4s\",","       \"primaryswellDirection\":\"143\",","       \"primaryswellDirectionAbv\":\"SE\",","       \"windSpeed\":\"5\",","       \"windDirection\":\"15\",","       \"windDirectionAbv\":\"NNE\",","       \"weather\":\"Clear\",","       \"temp\":\"81\",","        \"id\":1},","       {\"date\":\"10-13-2017\",","       \"time\":\"12am\",","       \"swell\":\"flat\",","       \"primaryswellHeight\":\"2\",","       \"primarysDuration\":\"4s\",","       \"primaryswellDirection\":\"143\",","       \"primaryswellDirectionAbv\":\"SE\",","       \"windSpeed\":\"5\",","       \"windDirection\":\"15\",","       \"windDirectionAbv\":\"NNE\",","       \"weather\":\"Clear\",","       \"temp\":\"81\",","       \"id\":2","       },","       {\"date\":\"10-13-2017\",","       \"time\":\"12am\",","       \"swell\":\"flat\",","       \"primaryswellHeight\":\"8\",","       \"primarysDuration\":\"4s\",","       \"primaryswellDirection\":\"143\",","       \"primaryswellDirectionAbv\":\"SE\",","       \"windSpeed\":\"5\",","       \"windDirection\":\"15\",","       \"windDirectionAbv\":\"NNE\",","       \"weather\":\"Clear\",","       \"temp\":\"81\",","        \"id\":3   ","       }","   ]","}"],"id":43}],[{"start":{"row":0,"column":0},"end":{"row":171,"column":1},"action":"insert","lines":["{","   \"samples\":[","       {\"date\":\"10-13-2017\",","       \"time\":\"12am\",","       \"swell\":\"flat\",","       \"primaryswellHeight\":\".7ft\",","       \"primarysDuration\":\"4s\",","       \"primaryswellDirection\":\"143\",","       \"primaryswellDirectionAbv\":\"SE\",","       \"windSpeed\":\"25\",","       \"windDirection\":\"15\",","       \"windDirectionAbv\":\"NNE\",","       \"weather\":\"Clear\",","       \"id\":0,","       \"temp\":\"81\"","       }","\t   , ","\t   {\"date\":\"10-13-2017\",","       \"time\":\"2am\",","       \"swell\":\"flat\",","       \"primaryswellHeight\":\".7ft\",","       \"primarysDuration\":\"4s\",","       \"primaryswellDirection\":\"143\",","       \"primaryswellDirectionAbv\":\"SE\",","       \"windSpeed\":\"15\",","       \"windDirection\":\"15\",","       \"windDirectionAbv\":\"NNE\",","       \"weather\":\"Clear\",","       \"id\":1,","       \"temp\":\"81\"}","\t   ,","\t   {\"date\":\"10-13-2017\",","       \"time\":\"4am\",","       \"swell\":\"flat\",","       \"primaryswellHeight\":\".7ft\",","       \"primarysDuration\":\"4s\",","       \"primaryswellDirection\":\"143\",","       \"primaryswellDirectionAbv\":\"SE\",","       \"windSpeed\":\"5\",","       \"windDirection\":\"15\",","       \"windDirectionAbv\":\"NNE\",","       \"weather\":\"Clear\",","       \"id\":2,","       \"temp\":\"81\"}","\t   ,","\t   {\"date\":\"10-13-2017\",","       \"time\":\"6am\",","       \"swell\":\"flat\",","       \"primaryswellHeight\":\".7ft\",","       \"primarysDuration\":\"4s\",","       \"primaryswellDirection\":\"143\",","       \"primaryswellDirectionAbv\":\"SE\",","       \"windSpeed\":\"5\",","       \"windDirection\":\"15\",","       \"windDirectionAbv\":\"NNE\",","       \"weather\":\"Clear\",","       \"id\":3,","       \"temp\":\"81\"}","\t   ,","\t   {\"date\":\"10-13-2017\",","       \"time\":\"8am\",","       \"swell\":\"flat\",","       \"primaryswellHeight\":\".7ft\",","       \"primarysDuration\":\"4s\",","       \"primaryswellDirection\":\"143\",","       \"primaryswellDirectionAbv\":\"SE\",","       \"windSpeed\":\"5\",","       \"windDirection\":\"15\",","       \"windDirectionAbv\":\"NNE\",","       \"weather\":\"Clear\",","       \"id\":4,","       \"temp\":\"81\"}","\t   ,","\t   {\"date\":\"10-13-2017\",","       \"time\":\"10am\",","       \"swell\":\"flat\",","       \"primaryswellHeight\":\".7ft\",","       \"primarysDuration\":\"4s\",","       \"primaryswellDirection\":\"143\",","       \"primaryswellDirectionAbv\":\"SE\",","       \"windSpeed\":\"5\",","       \"windDirection\":\"15\",","       \"windDirectionAbv\":\"NNE\",","       \"weather\":\"Clear\",","       \"id\":5,","       \"temp\":\"81\"}","\t   ,","\t   {\"date\":\"10-13-2017\",","       \"time\":\"12pm\",","       \"swell\":\"flat\",","       \"primaryswellHeight\":\".7ft\",","       \"primarysDuration\":\"4s\",","       \"primaryswellDirection\":\"143\",","       \"primaryswellDirectionAbv\":\"SE\",","       \"windSpeed\":\"5\",","       \"windDirection\":\"15\",","       \"windDirectionAbv\":\"NNE\",","       \"weather\":\"Clear\",","       \"id\":6,","       \"temp\":\"81\"}","\t   ,","\t   {\"date\":\"10-13-2017\",","       \"time\":\"2pm\",","       \"swell\":\"flat\",","       \"primaryswellHeight\":\".7ft\",","       \"primarysDuration\":\"4s\",","       \"primaryswellDirection\":\"143\",","       \"primaryswellDirectionAbv\":\"SE\",","       \"windSpeed\":\"15\",","       \"windDirection\":\"15\",","       \"windDirectionAbv\":\"NNE\",","       \"weather\":\"Clear\",","       \"id\":7,","       \"temp\":\"81\"}","\t   ,","\t   {\"date\":\"10-13-2017\",","       \"time\":\"4pm\",","       \"swell\":\"flat\",","       \"primaryswellHeight\":\".7ft\",","       \"primarysDuration\":\"4s\",","       \"primaryswellDirection\":\"143\",","       \"primaryswellDirectionAbv\":\"SE\",","       \"windSpeed\":\"5\",","       \"windDirection\":\"15\",","       \"windDirectionAbv\":\"NNE\",","       \"weather\":\"Clear\",","       \"id\":8,","       \"temp\":\"81\"}","\t   ,","\t   {\"date\":\"10-13-2017\",","       \"time\":\"6pm\",","       \"swell\":\"flat\",","       \"primaryswellHeight\":\".7ft\",","       \"primarysDuration\":\"4s\",","       \"primaryswellDirection\":\"143\",","       \"primaryswellDirectionAbv\":\"SE\",","       \"windSpeed\":\"5\",","       \"windDirection\":\"15\",","       \"windDirectionAbv\":\"NNE\",","       \"weather\":\"Clear\",","       \"id\":9,","       \"temp\":\"81\"}","\t   ,","\t   {\"date\":\"10-13-2017\",","       \"time\":\"8pm\",","       \"swell\":\"flat\",","       \"primaryswellHeight\":\".7ft\",","       \"primarysDuration\":\"4s\",","       \"primaryswellDirection\":\"143\",","       \"primaryswellDirectionAbv\":\"SE\",","       \"windSpeed\":\"5\",","       \"windDirection\":\"15\",","       \"windDirectionAbv\":\"NNE\",","       \"weather\":\"Clear\",","       \"id\":10,","       \"temp\":\"81\"}","\t   ,","\t   {\"date\":\"10-13-2017\",","       \"time\":\"10pm\",","       \"swell\":\"flat\",","       \"primaryswellHeight\":\".7ft\",","       \"primarysDuration\":\"4s\",","       \"primaryswellDirection\":\"143\",","       \"primaryswellDirectionAbv\":\"SE\",","       \"windSpeed\":\"5\",","       \"windDirection\":\"15\",","       \"windDirectionAbv\":\"NNE\",","       \"weather\":\"Clear\",","       \"id\":11,","       \"temp\":\"81\"}","   ]","}"],"id":44}],[{"start":{"row":13,"column":7},"end":{"row":13,"column":14},"action":"remove","lines":["\"id\":0,"],"id":45}],[{"start":{"row":13,"column":6},"end":{"row":13,"column":7},"action":"remove","lines":[" "],"id":46}],[{"start":{"row":13,"column":5},"end":{"row":13,"column":6},"action":"remove","lines":[" "],"id":47}],[{"start":{"row":13,"column":4},"end":{"row":13,"column":5},"action":"remove","lines":[" "],"id":48}],[{"start":{"row":13,"column":0},"end":{"row":13,"column":4},"action":"remove","lines":["    "],"id":49}],[{"start":{"row":12,"column":25},"end":{"row":13,"column":0},"action":"remove","lines":["",""],"id":50}],[{"start":{"row":3,"column":21},"end":{"row":4,"column":0},"action":"insert","lines":["",""],"id":51},{"start":{"row":4,"column":0},"end":{"row":4,"column":7},"action":"insert","lines":["       "]}],[{"start":{"row":4,"column":7},"end":{"row":4,"column":14},"action":"insert","lines":["\"id\":0,"],"id":52}],[{"start":{"row":0,"column":0},"end":{"row":171,"column":1},"action":"remove","lines":["{","   \"samples\":[","       {\"date\":\"10-13-2017\",","       \"time\":\"12am\",","       \"id\":0,","       \"swell\":\"flat\",","       \"primaryswellHeight\":\".7ft\",","       \"primarysDuration\":\"4s\",","       \"primaryswellDirection\":\"143\",","       \"primaryswellDirectionAbv\":\"SE\",","       \"windSpeed\":\"25\",","       \"windDirection\":\"15\",","       \"windDirectionAbv\":\"NNE\",","       \"weather\":\"Clear\",","       \"temp\":\"81\"","       }","\t   , ","\t   {\"date\":\"10-13-2017\",","       \"time\":\"2am\",","       \"swell\":\"flat\",","       \"primaryswellHeight\":\".7ft\",","       \"primarysDuration\":\"4s\",","       \"primaryswellDirection\":\"143\",","       \"primaryswellDirectionAbv\":\"SE\",","       \"windSpeed\":\"15\",","       \"windDirection\":\"15\",","       \"windDirectionAbv\":\"NNE\",","       \"weather\":\"Clear\",","       \"id\":1,","       \"temp\":\"81\"}","\t   ,","\t   {\"date\":\"10-13-2017\",","       \"time\":\"4am\",","       \"swell\":\"flat\",","       \"primaryswellHeight\":\".7ft\",","       \"primarysDuration\":\"4s\",","       \"primaryswellDirection\":\"143\",","       \"primaryswellDirectionAbv\":\"SE\",","       \"windSpeed\":\"5\",","       \"windDirection\":\"15\",","       \"windDirectionAbv\":\"NNE\",","       \"weather\":\"Clear\",","       \"id\":2,","       \"temp\":\"81\"}","\t   ,","\t   {\"date\":\"10-13-2017\",","       \"time\":\"6am\",","       \"swell\":\"flat\",","       \"primaryswellHeight\":\".7ft\",","       \"primarysDuration\":\"4s\",","       \"primaryswellDirection\":\"143\",","       \"primaryswellDirectionAbv\":\"SE\",","       \"windSpeed\":\"5\",","       \"windDirection\":\"15\",","       \"windDirectionAbv\":\"NNE\",","       \"weather\":\"Clear\",","       \"id\":3,","       \"temp\":\"81\"}","\t   ,","\t   {\"date\":\"10-13-2017\",","       \"time\":\"8am\",","       \"swell\":\"flat\",","       \"primaryswellHeight\":\".7ft\",","       \"primarysDuration\":\"4s\",","       \"primaryswellDirection\":\"143\",","       \"primaryswellDirectionAbv\":\"SE\",","       \"windSpeed\":\"5\",","       \"windDirection\":\"15\",","       \"windDirectionAbv\":\"NNE\",","       \"weather\":\"Clear\",","       \"id\":4,","       \"temp\":\"81\"}","\t   ,","\t   {\"date\":\"10-13-2017\",","       \"time\":\"10am\",","       \"swell\":\"flat\",","       \"primaryswellHeight\":\".7ft\",","       \"primarysDuration\":\"4s\",","       \"primaryswellDirection\":\"143\",","       \"primaryswellDirectionAbv\":\"SE\",","       \"windSpeed\":\"5\",","       \"windDirection\":\"15\",","       \"windDirectionAbv\":\"NNE\",","       \"weather\":\"Clear\",","       \"id\":5,","       \"temp\":\"81\"}","\t   ,","\t   {\"date\":\"10-13-2017\",","       \"time\":\"12pm\",","       \"swell\":\"flat\",","       \"primaryswellHeight\":\".7ft\",","       \"primarysDuration\":\"4s\",","       \"primaryswellDirection\":\"143\",","       \"primaryswellDirectionAbv\":\"SE\",","       \"windSpeed\":\"5\",","       \"windDirection\":\"15\",","       \"windDirectionAbv\":\"NNE\",","       \"weather\":\"Clear\",","       \"id\":6,","       \"temp\":\"81\"}","\t   ,","\t   {\"date\":\"10-13-2017\",","       \"time\":\"2pm\",","       \"swell\":\"flat\",","       \"primaryswellHeight\":\".7ft\",","       \"primarysDuration\":\"4s\",","       \"primaryswellDirection\":\"143\",","       \"primaryswellDirectionAbv\":\"SE\",","       \"windSpeed\":\"15\",","       \"windDirection\":\"15\",","       \"windDirectionAbv\":\"NNE\",","       \"weather\":\"Clear\",","       \"id\":7,","       \"temp\":\"81\"}","\t   ,","\t   {\"date\":\"10-13-2017\",","       \"time\":\"4pm\",","       \"swell\":\"flat\",","       \"primaryswellHeight\":\".7ft\",","       \"primarysDuration\":\"4s\",","       \"primaryswellDirection\":\"143\",","       \"primaryswellDirectionAbv\":\"SE\",","       \"windSpeed\":\"5\",","       \"windDirection\":\"15\",","       \"windDirectionAbv\":\"NNE\",","       \"weather\":\"Clear\",","       \"id\":8,","       \"temp\":\"81\"}","\t   ,","\t   {\"date\":\"10-13-2017\",","       \"time\":\"6pm\",","       \"swell\":\"flat\",","       \"primaryswellHeight\":\".7ft\",","       \"primarysDuration\":\"4s\",","       \"primaryswellDirection\":\"143\",","       \"primaryswellDirectionAbv\":\"SE\",","       \"windSpeed\":\"5\",","       \"windDirection\":\"15\",","       \"windDirectionAbv\":\"NNE\",","       \"weather\":\"Clear\",","       \"id\":9,","       \"temp\":\"81\"}","\t   ,","\t   {\"date\":\"10-13-2017\",","       \"time\":\"8pm\",","       \"swell\":\"flat\",","       \"primaryswellHeight\":\".7ft\",","       \"primarysDuration\":\"4s\",","       \"primaryswellDirection\":\"143\",","       \"primaryswellDirectionAbv\":\"SE\",","       \"windSpeed\":\"5\",","       \"windDirection\":\"15\",","       \"windDirectionAbv\":\"NNE\",","       \"weather\":\"Clear\",","       \"id\":10,","       \"temp\":\"81\"}","\t   ,","\t   {\"date\":\"10-13-2017\",","       \"time\":\"10pm\",","       \"swell\":\"flat\",","       \"primaryswellHeight\":\".7ft\",","       \"primarysDuration\":\"4s\",","       \"primaryswellDirection\":\"143\",","       \"primaryswellDirectionAbv\":\"SE\",","       \"windSpeed\":\"5\",","       \"windDirection\":\"15\",","       \"windDirectionAbv\":\"NNE\",","       \"weather\":\"Clear\",","       \"id\":11,","       \"temp\":\"81\"}","   ]","}"],"id":53}],[{"start":{"row":0,"column":0},"end":{"row":171,"column":1},"action":"insert","lines":["{","   \"samples\":[","       {\"date\":\"10-13-2017\",","       \"time\":\"12am\",","       \"swell\":\"flat\",","       \"primaryswellHeight\":\".7\",","       \"primarysDuration\":\"4s\",","       \"primaryswellDirection\":\"143\",","       \"primaryswellDirectionAbv\":\"SE\",","       \"windSpeed\":\"25\",","       \"windDirection\":\"15\",","       \"windDirectionAbv\":\"NNE\",","       \"weather\":\"Clear\",","       \"id\":0,","       \"temp\":\"81\"","       }","\t   , ","\t   {\"date\":\"10-13-2017\",","       \"time\":\"2am\",","       \"swell\":\"flat\",","       \"primaryswellHeight\":\"..8\",","       \"primarysDuration\":\"4s\",","       \"primaryswellDirection\":\"143\",","       \"primaryswellDirectionAbv\":\"SE\",","       \"windSpeed\":\"15\",","       \"windDirection\":\"15\",","       \"windDirectionAbv\":\"NNE\",","       \"weather\":\"Clear\",","       \"id\":1,","       \"temp\":\"81\"}","\t   ,","\t   {\"date\":\"10-13-2017\",","       \"time\":\"4am\",","       \"swell\":\"flat\",","       \"primaryswellHeight\":\".6\",","       \"primarysDuration\":\"4s\",","       \"primaryswellDirection\":\"143\",","       \"primaryswellDirectionAbv\":\"SE\",","       \"windSpeed\":\"5\",","       \"windDirection\":\"15\",","       \"windDirectionAbv\":\"NNE\",","       \"weather\":\"Clear\",","       \"id\":2,","       \"temp\":\"81\"}","\t   ,","\t   {\"date\":\"10-13-2017\",","       \"time\":\"6am\",","       \"swell\":\"flat\",","       \"primaryswellHeight\":\"1.3\",","       \"primarysDuration\":\"4s\",","       \"primaryswellDirection\":\"143\",","       \"primaryswellDirectionAbv\":\"SE\",","       \"windSpeed\":\"5\",","       \"windDirection\":\"15\",","       \"windDirectionAbv\":\"NNE\",","       \"weather\":\"Clear\",","       \"id\":3,","       \"temp\":\"81\"}","\t   ,","\t   {\"date\":\"10-13-2017\",","       \"time\":\"8am\",","       \"swell\":\"flat\",","       \"primaryswellHeight\":\"1.3\",","       \"primarysDuration\":\"4s\",","       \"primaryswellDirection\":\"143\",","       \"primaryswellDirectionAbv\":\"SE\",","       \"windSpeed\":\"5\",","       \"windDirection\":\"15\",","       \"windDirectionAbv\":\"NNE\",","       \"weather\":\"Clear\",","       \"id\":4,","       \"temp\":\"81\"}","\t   ,","\t   {\"date\":\"10-13-2017\",","       \"time\":\"10am\",","       \"swell\":\"flat\",","       \"primaryswellHeight\":\".1.6\",","       \"primarysDuration\":\"4s\",","       \"primaryswellDirection\":\"143\",","       \"primaryswellDirectionAbv\":\"SE\",","       \"windSpeed\":\"5\",","       \"windDirection\":\"15\",","       \"windDirectionAbv\":\"NNE\",","       \"weather\":\"Clear\",","       \"id\":5,","       \"temp\":\"81\"}","\t   ,","\t   {\"date\":\"10-13-2017\",","       \"time\":\"12pm\",","       \"swell\":\"flat\",","       \"primaryswellHeight\":\"2.5\",","       \"primarysDuration\":\"4s\",","       \"primaryswellDirection\":\"143\",","       \"primaryswellDirectionAbv\":\"SE\",","       \"windSpeed\":\"5\",","       \"windDirection\":\"15\",","       \"windDirectionAbv\":\"NNE\",","       \"weather\":\"Clear\",","       \"id\":6,","       \"temp\":\"81\"}","\t   ,","\t   {\"date\":\"10-13-2017\",","       \"time\":\"2pm\",","       \"swell\":\"flat\",","       \"primaryswellHeight\":\"3\",","       \"primarysDuration\":\"4s\",","       \"primaryswellDirection\":\"143\",","       \"primaryswellDirectionAbv\":\"SE\",","       \"windSpeed\":\"15\",","       \"windDirection\":\"15\",","       \"windDirectionAbv\":\"NNE\",","       \"weather\":\"Clear\",","       \"id\":7,","       \"temp\":\"81\"}","\t   ,","\t   {\"date\":\"10-13-2017\",","       \"time\":\"4pm\",","       \"swell\":\"flat\",","       \"primaryswellHeight\":\".2.5\",","       \"primarysDuration\":\"4s\",","       \"primaryswellDirection\":\"143\",","       \"primaryswellDirectionAbv\":\"SE\",","       \"windSpeed\":\"5\",","       \"windDirection\":\"15\",","       \"windDirectionAbv\":\"NNE\",","       \"weather\":\"Clear\",","       \"id\":8,","       \"temp\":\"81\"}","\t   ,","\t   {\"date\":\"10-13-2017\",","       \"time\":\"6pm\",","       \"swell\":\"flat\",","       \"primaryswellHeight\":\".2.5\",","       \"primarysDuration\":\"4s\",","       \"primaryswellDirection\":\"143\",","       \"primaryswellDirectionAbv\":\"SE\",","       \"windSpeed\":\"5\",","       \"windDirection\":\"15\",","       \"windDirectionAbv\":\"NNE\",","       \"weather\":\"Clear\",","       \"id\":9,","       \"temp\":\"81\"}","\t   ,","\t   {\"date\":\"10-13-2017\",","       \"time\":\"8pm\",","       \"swell\":\"flat\",","       \"primaryswellHeight\":\"2.4\",","       \"primarysDuration\":\"4s\",","       \"primaryswellDirection\":\"143\",","       \"primaryswellDirectionAbv\":\"SE\",","       \"windSpeed\":\"5\",","       \"windDirection\":\"15\",","       \"windDirectionAbv\":\"NNE\",","       \"weather\":\"Clear\",","       \"id\":10,","       \"temp\":\"81\"}","\t   ,","\t   {\"date\":\"10-13-2017\",","       \"time\":\"10pm\",","       \"swell\":\"flat\",","       \"primaryswellHeight\":\"2.4\",","       \"primarysDuration\":\"4s\",","       \"primaryswellDirection\":\"143\",","       \"primaryswellDirectionAbv\":\"SE\",","       \"windSpeed\":\"5\",","       \"windDirection\":\"15\",","       \"windDirectionAbv\":\"NNE\",","       \"weather\":\"Clear\",","       \"id\":11,","       \"temp\":\"81\"}","   ]","}"],"id":54}],[{"start":{"row":0,"column":0},"end":{"row":171,"column":1},"action":"remove","lines":["{","   \"samples\":[","       {\"date\":\"10-13-2017\",","       \"time\":\"12am\",","       \"swell\":\"flat\",","       \"primaryswellHeight\":\".7\",","       \"primarysDuration\":\"4s\",","       \"primaryswellDirection\":\"143\",","       \"primaryswellDirectionAbv\":\"SE\",","       \"windSpeed\":\"25\",","       \"windDirection\":\"15\",","       \"windDirectionAbv\":\"NNE\",","       \"weather\":\"Clear\",","       \"id\":0,","       \"temp\":\"81\"","       }","\t   , ","\t   {\"date\":\"10-13-2017\",","       \"time\":\"2am\",","       \"swell\":\"flat\",","       \"primaryswellHeight\":\"..8\",","       \"primarysDuration\":\"4s\",","       \"primaryswellDirection\":\"143\",","       \"primaryswellDirectionAbv\":\"SE\",","       \"windSpeed\":\"15\",","       \"windDirection\":\"15\",","       \"windDirectionAbv\":\"NNE\",","       \"weather\":\"Clear\",","       \"id\":1,","       \"temp\":\"81\"}","\t   ,","\t   {\"date\":\"10-13-2017\",","       \"time\":\"4am\",","       \"swell\":\"flat\",","       \"primaryswellHeight\":\".6\",","       \"primarysDuration\":\"4s\",","       \"primaryswellDirection\":\"143\",","       \"primaryswellDirectionAbv\":\"SE\",","       \"windSpeed\":\"5\",","       \"windDirection\":\"15\",","       \"windDirectionAbv\":\"NNE\",","       \"weather\":\"Clear\",","       \"id\":2,","       \"temp\":\"81\"}","\t   ,","\t   {\"date\":\"10-13-2017\",","       \"time\":\"6am\",","       \"swell\":\"flat\",","       \"primaryswellHeight\":\"1.3\",","       \"primarysDuration\":\"4s\",","       \"primaryswellDirection\":\"143\",","       \"primaryswellDirectionAbv\":\"SE\",","       \"windSpeed\":\"5\",","       \"windDirection\":\"15\",","       \"windDirectionAbv\":\"NNE\",","       \"weather\":\"Clear\",","       \"id\":3,","       \"temp\":\"81\"}","\t   ,","\t   {\"date\":\"10-13-2017\",","       \"time\":\"8am\",","       \"swell\":\"flat\",","       \"primaryswellHeight\":\"1.3\",","       \"primarysDuration\":\"4s\",","       \"primaryswellDirection\":\"143\",","       \"primaryswellDirectionAbv\":\"SE\",","       \"windSpeed\":\"5\",","       \"windDirection\":\"15\",","       \"windDirectionAbv\":\"NNE\",","       \"weather\":\"Clear\",","       \"id\":4,","       \"temp\":\"81\"}","\t   ,","\t   {\"date\":\"10-13-2017\",","       \"time\":\"10am\",","       \"swell\":\"flat\",","       \"primaryswellHeight\":\".1.6\",","       \"primarysDuration\":\"4s\",","       \"primaryswellDirection\":\"143\",","       \"primaryswellDirectionAbv\":\"SE\",","       \"windSpeed\":\"5\",","       \"windDirection\":\"15\",","       \"windDirectionAbv\":\"NNE\",","       \"weather\":\"Clear\",","       \"id\":5,","       \"temp\":\"81\"}","\t   ,","\t   {\"date\":\"10-13-2017\",","       \"time\":\"12pm\",","       \"swell\":\"flat\",","       \"primaryswellHeight\":\"2.5\",","       \"primarysDuration\":\"4s\",","       \"primaryswellDirection\":\"143\",","       \"primaryswellDirectionAbv\":\"SE\",","       \"windSpeed\":\"5\",","       \"windDirection\":\"15\",","       \"windDirectionAbv\":\"NNE\",","       \"weather\":\"Clear\",","       \"id\":6,","       \"temp\":\"81\"}","\t   ,","\t   {\"date\":\"10-13-2017\",","       \"time\":\"2pm\",","       \"swell\":\"flat\",","       \"primaryswellHeight\":\"3\",","       \"primarysDuration\":\"4s\",","       \"primaryswellDirection\":\"143\",","       \"primaryswellDirectionAbv\":\"SE\",","       \"windSpeed\":\"15\",","       \"windDirection\":\"15\",","       \"windDirectionAbv\":\"NNE\",","       \"weather\":\"Clear\",","       \"id\":7,","       \"temp\":\"81\"}","\t   ,","\t   {\"date\":\"10-13-2017\",","       \"time\":\"4pm\",","       \"swell\":\"flat\",","       \"primaryswellHeight\":\".2.5\",","       \"primarysDuration\":\"4s\",","       \"primaryswellDirection\":\"143\",","       \"primaryswellDirectionAbv\":\"SE\",","       \"windSpeed\":\"5\",","       \"windDirection\":\"15\",","       \"windDirectionAbv\":\"NNE\",","       \"weather\":\"Clear\",","       \"id\":8,","       \"temp\":\"81\"}","\t   ,","\t   {\"date\":\"10-13-2017\",","       \"time\":\"6pm\",","       \"swell\":\"flat\",","       \"primaryswellHeight\":\".2.5\",","       \"primarysDuration\":\"4s\",","       \"primaryswellDirection\":\"143\",","       \"primaryswellDirectionAbv\":\"SE\",","       \"windSpeed\":\"5\",","       \"windDirection\":\"15\",","       \"windDirectionAbv\":\"NNE\",","       \"weather\":\"Clear\",","       \"id\":9,","       \"temp\":\"81\"}","\t   ,","\t   {\"date\":\"10-13-2017\",","       \"time\":\"8pm\",","       \"swell\":\"flat\",","       \"primaryswellHeight\":\"2.4\",","       \"primarysDuration\":\"4s\",","       \"primaryswellDirection\":\"143\",","       \"primaryswellDirectionAbv\":\"SE\",","       \"windSpeed\":\"5\",","       \"windDirection\":\"15\",","       \"windDirectionAbv\":\"NNE\",","       \"weather\":\"Clear\",","       \"id\":10,","       \"temp\":\"81\"}","\t   ,","\t   {\"date\":\"10-13-2017\",","       \"time\":\"10pm\",","       \"swell\":\"flat\",","       \"primaryswellHeight\":\"2.4\",","       \"primarysDuration\":\"4s\",","       \"primaryswellDirection\":\"143\",","       \"primaryswellDirectionAbv\":\"SE\",","       \"windSpeed\":\"5\",","       \"windDirection\":\"15\",","       \"windDirectionAbv\":\"NNE\",","       \"weather\":\"Clear\",","       \"id\":11,","       \"temp\":\"81\"}","   ]","}"],"id":55}],[{"start":{"row":0,"column":0},"end":{"row":171,"column":1},"action":"insert","lines":["{","   \"samples\":[","       {\"date\":\"10-13-2017\",","       \"time\":\"12am\",","       \"swell\":\"flat\",","       \"primaryswellHeight\":\"0.7\",","       \"primarysDuration\":\"4s\",","       \"primaryswellDirection\":\"143\",","       \"primaryswellDirectionAbv\":\"SE\",","       \"windSpeed\":\"25\",","       \"windDirection\":\"15\",","       \"windDirectionAbv\":\"NNE\",","       \"weather\":\"Clear\",","       \"id\":0,","       \"temp\":\"81\"","       }","\t   , ","\t   {\"date\":\"10-13-2017\",","       \"time\":\"2am\",","       \"swell\":\"flat\",","       \"primaryswellHeight\":\"0.8\",","       \"primarysDuration\":\"4s\",","       \"primaryswellDirection\":\"143\",","       \"primaryswellDirectionAbv\":\"SE\",","       \"windSpeed\":\"15\",","       \"windDirection\":\"15\",","       \"windDirectionAbv\":\"NNE\",","       \"weather\":\"Clear\",","       \"id\":1,","       \"temp\":\"81\"}","\t   ,","\t   {\"date\":\"10-13-2017\",","       \"time\":\"4am\",","       \"swell\":\"flat\",","       \"primaryswellHeight\":\"0.6\",","       \"primarysDuration\":\"4s\",","       \"primaryswellDirection\":\"143\",","       \"primaryswellDirectionAbv\":\"SE\",","       \"windSpeed\":\"5\",","       \"windDirection\":\"15\",","       \"windDirectionAbv\":\"NNE\",","       \"weather\":\"Clear\",","       \"id\":2,","       \"temp\":\"81\"}","\t   ,","\t   {\"date\":\"10-13-2017\",","       \"time\":\"6am\",","       \"swell\":\"flat\",","       \"primaryswellHeight\":\"1.3\",","       \"primarysDuration\":\"4s\",","       \"primaryswellDirection\":\"143\",","       \"primaryswellDirectionAbv\":\"SE\",","       \"windSpeed\":\"5\",","       \"windDirection\":\"15\",","       \"windDirectionAbv\":\"NNE\",","       \"weather\":\"Clear\",","       \"id\":3,","       \"temp\":\"81\"}","\t   ,","\t   {\"date\":\"10-13-2017\",","       \"time\":\"8am\",","       \"swell\":\"flat\",","       \"primaryswellHeight\":\"1.3\",","       \"primarysDuration\":\"4s\",","       \"primaryswellDirection\":\"143\",","       \"primaryswellDirectionAbv\":\"SE\",","       \"windSpeed\":\"5\",","       \"windDirection\":\"15\",","       \"windDirectionAbv\":\"NNE\",","       \"weather\":\"Clear\",","       \"id\":4,","       \"temp\":\"81\"}","\t   ,","\t   {\"date\":\"10-13-2017\",","       \"time\":\"10am\",","       \"swell\":\"flat\",","       \"primaryswellHeight\":\"1.6\",","       \"primarysDuration\":\"4s\",","       \"primaryswellDirection\":\"143\",","       \"primaryswellDirectionAbv\":\"SE\",","       \"windSpeed\":\"5\",","       \"windDirection\":\"15\",","       \"windDirectionAbv\":\"NNE\",","       \"weather\":\"Clear\",","       \"id\":5,","       \"temp\":\"81\"}","\t   ,","\t   {\"date\":\"10-13-2017\",","       \"time\":\"12pm\",","       \"swell\":\"flat\",","       \"primaryswellHeight\":\"2.5\",","       \"primarysDuration\":\"4s\",","       \"primaryswellDirection\":\"143\",","       \"primaryswellDirectionAbv\":\"SE\",","       \"windSpeed\":\"5\",","       \"windDirection\":\"15\",","       \"windDirectionAbv\":\"NNE\",","       \"weather\":\"Clear\",","       \"id\":6,","       \"temp\":\"81\"}","\t   ,","\t   {\"date\":\"10-13-2017\",","       \"time\":\"2pm\",","       \"swell\":\"flat\",","       \"primaryswellHeight\":\"3\",","       \"primarysDuration\":\"4s\",","       \"primaryswellDirection\":\"143\",","       \"primaryswellDirectionAbv\":\"SE\",","       \"windSpeed\":\"15\",","       \"windDirection\":\"15\",","       \"windDirectionAbv\":\"NNE\",","       \"weather\":\"Clear\",","       \"id\":7,","       \"temp\":\"81\"}","\t   ,","\t   {\"date\":\"10-13-2017\",","       \"time\":\"4pm\",","       \"swell\":\"flat\",","       \"primaryswellHeight\":\"2.5\",","       \"primarysDuration\":\"4s\",","       \"primaryswellDirection\":\"143\",","       \"primaryswellDirectionAbv\":\"SE\",","       \"windSpeed\":\"5\",","       \"windDirection\":\"15\",","       \"windDirectionAbv\":\"NNE\",","       \"weather\":\"Clear\",","       \"id\":8,","       \"temp\":\"81\"}","\t   ,","\t   {\"date\":\"10-13-2017\",","       \"time\":\"6pm\",","       \"swell\":\"flat\",","       \"primaryswellHeight\":\"2.5\",","       \"primarysDuration\":\"4s\",","       \"primaryswellDirection\":\"143\",","       \"primaryswellDirectionAbv\":\"SE\",","       \"windSpeed\":\"5\",","       \"windDirection\":\"15\",","       \"windDirectionAbv\":\"NNE\",","       \"weather\":\"Clear\",","       \"id\":9,","       \"temp\":\"81\"}","\t   ,","\t   {\"date\":\"10-13-2017\",","       \"time\":\"8pm\",","       \"swell\":\"flat\",","       \"primaryswellHeight\":\"2.4\",","       \"primarysDuration\":\"4s\",","       \"primaryswellDirection\":\"143\",","       \"primaryswellDirectionAbv\":\"SE\",","       \"windSpeed\":\"5\",","       \"windDirection\":\"15\",","       \"windDirectionAbv\":\"NNE\",","       \"weather\":\"Clear\",","       \"id\":10,","       \"temp\":\"81\"}","\t   ,","\t   {\"date\":\"10-13-2017\",","       \"time\":\"10pm\",","       \"swell\":\"flat\",","       \"primaryswellHeight\":\"2.4\",","       \"primarysDuration\":\"4s\",","       \"primaryswellDirection\":\"143\",","       \"primaryswellDirectionAbv\":\"SE\",","       \"windSpeed\":\"5\",","       \"windDirection\":\"15\",","       \"windDirectionAbv\":\"NNE\",","       \"weather\":\"Clear\",","       \"id\":11,","       \"temp\":\"81\"}","   ]","}"],"id":56}]]},"ace":{"folds":[],"scrolltop":1868,"scrollleft":0,"selection":{"start":{"row":171,"column":1},"end":{"row":171,"column":1},"isBackwards":false},"options":{"guessTabSize":true,"useWrapMode":false,"wrapToView":true},"firstLineState":{"row":115,"state":"start","mode":"ace/mode/json"}},"timestamp":1508273217867,"hash":"5786357f140ed6f1113f065101fb5bf3bb2c969f"}